{
    "name": "hq-dice",
    "title": "HeroQuest Dice",
    "description": "Adds the ability to roll HeroQuest dice",
    "version": "1.0.5",
    "minimumCoreVersion": "0.8.8",
    "compatibleCoreVersion": "0.8.8",
    "author": "Bloom, David",
    "esmodules": [
        "./modules/heroquest.js"
    ],
    "styles": [
        "./css/heroquest.css"
    ],
    "url": "https://github.com/JiDW/FVTT-Szimfonia",
    "manifest": "https://raw.githubusercontent.com/JiDW/FVTT-Szimfonia/master/module.json",
    "download": "https://raw.githubusercontent.com/JiDW/FVTT-Szimfonia/master/fvtt-szimfonia.zip"
}