{
    "name": "hq-dice",
    "title": "HeroQuest Dice",
    "description": "Adds the ability to roll HeroQuest dice",
    "version": "1.0.5",
    "minimumCoreVersion": "0.9.0",
    "compatibleCoreVersion": "0.9.0",
    "author": "Bloom, David",
    "esmodules": [
        "./modules/heroquest.js"
    ],
    "styles": [
        "./css/heroquest.css"
    ],
    "url": "https://github.com/nadcraker/heroquest-dice-foundry-vtt",
    "manifest": "https://raw.githubusercontent.com/nadcraker/heroquest-dice-foundry-vtt/main/module.json",
    "download": "https://github.com/nadcraker/heroquest-dice-foundry-vtt/blob/main/hq-dice.zip?raw=true"
}